imu_ax, imu_ay, kf_ax, kf_ay, kf_vx, kf_w, kf_x, kf_y, stamp, 
-0.06045298205093361, 0.026838845588284376, -0.01726951431530739, 1.843846409024678e-10, -0.00863635496915751, -2.13498219516161e-08, -1.9955760219522545, -0.5000009803697965, 1741896000000, 
-0.04396514224542168, -0.016645239383695463, -0.02576915389143393, -3.849474675632182e-07, -0.00727449860325086, 5.291738833947829e-05, -1.9934645345285549, -0.5000009657346446, 1741901000000, 
-0.06578636751403583, 0.01890027263943667, -0.04022404042230156, 1.4174045175990422e-07, -0.007135262748421607, -1.986478378687017e-05, -1.991621173492575, -0.5000009073586236, 1742001000000, 
-0.06920353945502367, 0.017575904571908954, -0.05098352984208559, 4.5146485697290054e-07, -0.007428558036019566, -6.0774224928154205e-05, -1.9906132007943096, -0.5000008641922941, 1742101000000, 
-0.0725145424090349, 0.011028565386695187, -0.058602911470050145, 7.831223164063951e-07, -0.011344740195924605, -6.902955051255539e-05, -1.9899323365292174, -0.5000008331197175, 1742201000000, 
-0.06615016141857602, 0.023445035077327075, -0.061039711170966765, 1.5440142054069556e-06, -0.010585931010747965, -0.00014585530586202648, -1.989518348499113, -0.5000007625618569, 1742301000000, 
-0.06976977173400681, -0.01853141269093481, -0.06401565042415606, 1.2797439566554402e-07, -0.010306982214878965, -1.2416281797867333e-05, -1.9892496255939767, -0.5000008002273898, 1742401000000, 
-0.04051579304099348, 0.007295364247537609, -0.054490485323311084, 3.5341288480806527e-07, -0.00956565080015084, -3.694603662539012e-05, -1.9892858777434361, -0.5000007832808655, 1742501000000, 
-0.04925258169298866, -0.005025570202975207, -0.05210885449273725, 3.392140360047919e-08, -0.008960654518351114, -3.78559440395892e-06, -1.989284253415773, -0.500000787740475, 1742601000000, 
-0.07316495522452411, -0.026046889595491347, -0.05997337970191527, -8.05883052042148e-07, -0.009077351616060922, 8.87795346184747e-05, -1.9891945400100575, -0.5000008137766795, 1742701000000, 
-0.03629084494502094, -0.006953859473571198, -0.05041611165103146, -6.768479660763203e-07, -0.008597113138204975, 7.872967997460157e-05, -1.9892457943550563, -0.5000008173620434, 1742801000000, 
-0.054842143663236774, 0.004745212615649024, -0.0518265586801988, -2.6795823475657944e-07, -0.008361769172037771, 3.2045638816800506e-05, -1.9892513986501736, -0.5000008121221854, 1742901000000, 
-0.06287429138802081, -0.017945426647772954, -0.055812185023039286, -6.628487018292402e-07, -0.008489236375166208, 7.80810749678604e-05, -1.989230123424273, -0.5000008281742432, 1742996000000, 
-0.049345499091164965, -0.011156194221179366, -0.05297785033996473, -7.056374730261758e-07, -0.008345996269873373, 8.45480216152651e-05, -1.989234805636542, -0.5000008376753262, 1743096000000, 
-0.07808966665000466, 0.033643220242675534, -0.062435397088474856, 5.138173313242002e-07, -0.008843845988367544, -5.8098855633627344e-05, -1.9891786062048349, -0.5000008158756193, 1743201000000, 
-0.06376905085740592, -0.019235499204530656, -0.06261067366122311, -2.837260738668057e-07, -0.00916467183809867, 3.09586724848479e-05, -1.9891436620331997, -0.500000833604678, 1743296000000, 
-0.07188471492778127, -0.008804611911449385, -0.06586807240326319, -4.804610434436229e-07, -0.009543138912825749, 5.034622757066806e-05, -1.9891023253212565, -0.5000008411250431, 1743396000000, 
-0.038412834780261126, 0.021306280194463175, -0.054818113438900334, 4.46287093871297e-07, -0.009162055902119996, -4.871036573440152e-05, -1.9891443681074537, -0.5000008244176777, 1743496000000, 
-0.05720521510298124, -0.028340674279259903, -0.055412230368634734, -6.395491624290941e-07, -0.008926423649083113, 7.164674090891777e-05, -1.989166857063275, -0.5000008494189931, 1743596000000, 
-0.0676030585737325, 0.0073374932211782515, -0.059824931910399115, -1.6342372870860144e-07, -0.00903823618321049, 1.8081373997747355e-05, -1.9891538642843776, -0.5000008435980134, 1743696000000, 
-0.041845892499566384, 0.011238711634736732, -0.052486489225176666, 2.494082316594797e-07, -0.008705172203124691, -2.865057988972986e-05, -1.9891894563544987, -0.5000008366665472, 1743796000000, 
-0.0335377849038882, -0.00026729782419257367, -0.044798030680553325, 1.3281847625095948e-07, -0.008006766990499278, -1.6588277941466274e-05, -1.9892556112355455, -0.5000008393558387, 1743896000000, 
-0.07340433783345138, -0.025140561768026044, -0.05564045523598283, -5.633294658249949e-07, -0.008231524767953987, 6.843561572189924e-05, -1.989235582610997, -0.500000855719836, 1743996000000, 
-0.06669188332342381, -0.007778944027448831, -0.05962451386802265, -5.743041588685828e-07, -0.008611543895944682, 6.669003442449293e-05, -1.989196802282189, -0.5000008597016368, 1744091000000, 
-0.0547579982120085, 0.015740945399661692, -0.05739980715786573, 1.0704124660507623e-07, -0.008707152926761672, -1.2293484162438683e-05, -1.9891848078952865, -0.5000008494697911, 1744191000000, 
-0.05956980884674003, 0.004787596972494767, -0.05800204536109427, 1.867454183894584e-07, -0.007845889477564549, -2.3801688632431034e-05, -1.9891155614757596, -0.5000008461680107, 1744296000000, 
-0.09130261489735507, -0.0056266941025488095, -0.019865917240562123, -4.809740003706204e-08, -0.017822406526764478, 2.698704014232457e-06, -1.9661029883255092, -0.5000003967962228, 1756208000000, 
-0.084677298488852, -0.0210781397436847, -0.03958107254932642, -1.561741244425379e-06, -0.010534097152696832, 0.000148255823141479, -1.952344082374339, -0.500001805255362, 1756228000000, 
-0.12685427037928124, 0.015085713261170704, -0.06926527271759424, 4.725697438965748e-07, 0.0204807747707078, 2.307382162966109e-05, -1.9349542123347894, -0.499999306313476, 1756328000000, 
-0.02295815689681782, 0.01002422426472959, -0.05001477812931633, 0.004493221615502032, 0.04985720721525337, 0.09012180718633134, -1.9308691661057298, -0.5002733143121856, 1756428000000, 
-0.05772232717450886, 0.03939940237136691, -0.05175682678428053, 0.010582139337719208, 0.06754115442170987, 0.15667690948317242, -1.9220071565984138, -0.4990003160885056, 1756528000000, 
-0.08098972413385522, 0.020891234085585395, -0.06224899510774026, 0.01472176806751697, 0.07669693330707555, 0.19194728436630773, -1.9123236879152368, -0.4967874829848006, 1756623000000, 
-0.0752377473913515, 0.010796226440216078, -0.06667420164542184, 0.017122893408054916, 0.08096714703762867, 0.21147952020709365, -1.9031473720529661, -0.49410173639598487, 1756728000000, 
-0.12773853859119955, -0.0251085444740149, -0.08991744858997627, -0.0038359620246347656, 0.08219116377669414, -0.046671221678485086, -1.8926115375981278, -0.492988256976011, 1756828000000, 
0.07653594235717684, 0.054719761565940224, -0.024614936054569672, -0.025717623584569554, 0.08737325240312528, -0.2943420655318269, -1.8840143901676465, -0.4921458274481687, 1756928000000, 
-0.04834018481302743, 0.008487045179141395, -0.03369309827498998, -0.022789052849448436, 0.08691543894393106, -0.2621979837684488, -1.8749462624052697, -0.49044728962874573, 1757028000000, 
-0.018763280312348727, 0.014493886853577572, -0.027699516603169286, -0.016715004576927945, 0.0871787031989447, -0.1917326590507288, -1.8660086521025105, -0.488800853027434, 1757128000000, 
-0.039329296470693643, 0.04652277798914917, -0.032079144106477886, -0.0003372316688994527, 0.08724680778027115, -0.0038652608327947313, -1.8568423327501435, -0.48682604229933135, 1757223000000, 
-0.08139604955027152, 0.0024818259446026184, -0.050920698802248664, 0.018917103262907832, 0.08959719917467819, 0.2111349845437373, -1.8469705370836764, -0.48461007285426616, 1757328000000, 
-0.045314676046094016, -0.008811751947521188, -0.048540071383939294, 0.020544074590773377, 0.08809139404115383, 0.23321318517420397, -1.8376318224129082, -0.48279836144685245, 1757428000000, 
-0.05801222993357613, 0.03501574790509502, -0.051744370931203286, 0.016403068024811365, 0.09132119413927532, 0.1796195086958105, -1.8277988840698782, -0.48087846515668686, 1757528000000, 
-0.0414870903000682, 0.07875744201712959, -0.047165844438436355, 0.012064122904161522, 0.09654847299158956, 0.12495405189072686, -1.8173409409894097, -0.47866364058257405, 1757628000000, 
-0.058111392648922164, -0.14460805442179286, -0.05165201141427661, 0.0029803343879928057, 0.08800222045616576, 0.033866581690144074, -1.8083937787579139, -0.47675448054289127, 1757728000000, 
-0.027987480953969808, -0.012050743967480838, -0.042064664487331004, 0.0010503491315059482, 0.08999892075843095, 0.011670685855502919, -1.7988787144824867, -0.47456604574286326, 1757828000000, 
-0.04974643248993307, 0.015229979106961295, -0.04472418113559737, 0.000930350701330968, 0.09126714863782386, 0.010193708417723074, -1.7892542088859489, -0.4723005719674339, 1757928000000, 
-0.07450477867681668, -0.01909853057482086, -0.05601084523214591, 0.0006126772997142779, 0.09123816834602577, 0.006715142476235006, -1.7795189677305903, -0.4700032232681233, 1758028000000, 
-0.029140253007751648, 0.012762026139161688, -0.04522974336085543, 0.0015837714589323273, 0.09192204956396646, 0.01722950550433731, -1.7698975196204128, -0.4676915055236582, 1758128000000, 
-0.0906489584026191, 0.0011171221741486414, -0.06261303826719278, 0.002682863081129697, 0.0912573352831281, 0.029398875967680288, -1.7601056692261632, -0.465314592029365, 1758223000000, 
-0.052918048821432265, 0.01551670313235191, -0.05849392729616422, 0.0031258941091026923, 0.09124713020219263, 0.03425745118970962, -1.7504027517199678, -0.46293802483094143, 1758323000000, 
-0.07485242677917017, 0.03166871681259012, -0.06450453055590782, 0.0037172870230728593, 0.09111484914298122, 0.04079781789727312, -1.7406003976237785, -0.46049676891011193, 1758423000000, 
-0.09157054272115561, 0.02540714030137036, -0.07466546361224607, 0.003964169117050943, 0.09040408611647714, 0.04384944627329659, -1.7307633751239309, -0.45801002306191724, 1758523000000, 
-0.06932087647414385, -0.014972572786770253, -0.07221749749639168, 0.003568033150333287, 0.0894490398052352, 0.039889004489061713, -1.72108471487074, -0.4555315105376915, 1758623000000, 
-0.07358493906691775, 0.018515795044452357, -0.07233109939746483, 0.003302387704246333, 0.08940657884929096, 0.036936741644180725, -1.7113399333294492, -0.4529955144778989, 1758723000000, 
-0.044719294452453075, 0.010130319917379595, -0.061175815316929685, 0.003005884718898734, 0.08988079310804761, 0.03344301507537095, -1.7016430135196836, -0.4504348857789002, 1758823000000, 
-0.0384748317167702, 0.010405075206670854, -0.05197030818835003, 0.002682822340920267, 0.09077466726301958, 0.029554747175737806, -1.6920816422816511, -0.44787797284008257, 1758923000000, 
-0.06972034341515629, 0.00016787283648727962, -0.0585488040332016, 0.0024643529826421815, 0.09081310305754031, 0.027136535364073365, -1.6824428220296863, -0.44526946171062903, 1759023000000, 
-0.050766109295385886, 0.011944604807560107, -0.055173362490551485, 0.0024070234277739177, 0.09115749207084663, 0.026405108050835853, -1.6728272692594215, -0.44263564692660057, 1759123000000, 
-0.08162959324380627, 0.012287519894311066, -0.06513257356602775, 0.0023233765531163833, 0.09078123754468255, 0.025593135938170225, -1.663129522035775, -0.4399533628091565, 1759228000000, 
-0.04720604554751294, -0.01714977262329702, -0.0578118903338829, 0.0021855626108706005, 0.09065873337143118, 0.024107579375902966, -1.653532056591716, -0.4372727155634203, 1759323000000, 
-0.05015922410208038, -0.0028571991938728344, -0.054492255880144766, 0.002148940077940855, 0.09092920455187578, 0.023633112029643556, -1.643915039206509, -0.4345602582845082, 1759423000000, 
-0.09315182929954592, 0.005314799492888427, -0.06920056311287358, 0.0020870034623716328, 0.09034574831963431, 0.02310018458188006, -1.634274448883202, -0.431818215762797, 1759523000000, 
-0.04952355484999579, 0.022490135883130882, -0.06115815560802993, 0.002080817245268844, 0.09058107002909219, 0.022971877508187327, -1.6246544480934544, -0.42905600195698884, 1759623000000, 
-0.07403616340088587, 0.019425663010790812, -0.06580188388416484, 0.0020416896907930484, 0.09040449045755274, 0.022583941134557632, -1.6149196035227469, -0.42623800513205035, 1759723000000, 
0.010806431761552132, 0.09838622159301362, -0.035529425992299996, -0.022780713597181024, 0.09389350578442156, -0.24262288863177917, -1.605045200833667, -0.42395671101615606, 1759823000000, 
-0.04548514720163509, -0.18464604831453382, -0.038405300674990706, -0.05506950889286549, 0.10747483651244848, -0.5123944420840032, -1.5931293999405105, -0.42152472038373995, 1759923000000, 
-0.09340284309351903, 0.04158645887196219, -0.06062087132212375, -0.026882164906895444, 0.08867659337710017, -0.30314837188860133, -1.5844944444632239, -0.4195511236248621, 1760023000000, 
-0.08081410162524773, 0.007476960573253522, -0.0682976256710206, -0.025108707953677752, 0.0851872297761395, -0.29474732327439257, -1.5752218522058195, -0.4180029379782805, 1760123000000, 
-0.05983679990550088, -0.027372669617088334, -0.06447197572747755, -0.02239082457620532, 0.08779081120993446, -0.25504747327897526, -1.5654142283287726, -0.41655732242255733, 1760218000000, 
-0.07168737589863232, -0.1663186532236376, -0.06598376246153005, -0.014795798284729345, 0.1037420947801887, -0.14262097093835482, -1.553244522116254, -0.4148434760204596, 1760323000000, 
-0.053411444358223856, 0.08368813459173476, -0.06133125116040888, -0.01001794979221199, 0.09357877556615281, -0.10705365326275391, -1.5433741964884522, -0.4137818522757212, 1760423000000, 
-0.05033905136083556, 0.012278447085934955, -0.05682035362510303, -0.010761338323152009, 0.09171153817706354, -0.11733897977346704, -1.53358904760572, -0.41289780359015527, 1760523000000, 
-0.049513062943112494, 0.004600910450350534, -0.053693259426833534, -0.008768712552080601, 0.09113381134749851, -0.09621799442410009, -1.523678351638707, -0.41204689623373947, 1760623000000, 
-0.06258093815936325, -0.027163515579632515, -0.05678227591150856, -0.009587566114683957, 0.09187684939454152, -0.10435236055507975, -1.5136489562661046, -0.41133599762197914, 1760723000000, 
-0.042356658944641544, -0.010053647455652195, -0.0508505082178845, -0.010903416707121817, 0.09197561925998464, -0.11854681484993829, -1.503677552122767, -0.4107577877597866, 1760823000000, 
-0.04586308490652966, -0.013755280943006359, -0.04859822497650766, -0.010310839527581795, 0.09240036027676538, -0.11158873728087093, -1.4936889422138866, -0.4102549914887142, 1760918000000, 
-0.04542911940712155, -0.055678470697348575, -0.04695770377438445, -0.010334344269623586, 0.0945602163661173, -0.10928850066936369, -1.4833179070226783, -0.40985239059142425, 1761018000000, 
-0.030317798127410155, -0.0300366938958268, -0.040201310130944926, -0.01006533275687306, 0.09519268808464855, -0.1057364064341016, -1.4732489873539234, -0.40957516006424555, 1761123000000, 
-0.06139871939661773, 0.0033538715799302527, -0.04827146824349464, -0.00881131481940444, 0.09375316254717335, -0.09398418762642692, -1.4632045241438925, -0.409382485823328, 1761223000000, 
-0.049933452533686085, -0.05348913550681966, -0.048564150669592285, -0.008289438600351634, 0.09498449038445751, -0.08727149629165196, -1.4528721203722428, -0.409283642302386, 1761323000000, 
-0.06690524654069083, -0.024824317720013832, -0.05543696831023101, -0.007500450279024634, 0.09425351308689328, -0.07957740813448398, -1.442647555440038, -0.4092709928444871, 1761418000000, 
-0.07483500964709411, -0.007729033375674423, -0.06272001202327077, -0.006462912507303737, 0.09279545268022615, -0.06964686652884795, -1.4324461042237804, -0.409330580000308, 1761518000000, 
-0.040182748063054136, -0.05289315124652405, -0.053567905098097224, -0.006043381890068493, 0.09366853875122046, -0.06451880183718305, -1.4221935645583175, -0.40946950814682365, 1761618000000, 
-0.04747710030882742, -0.001986637237082492, -0.05093559321838091, -0.0054832742969901154, 0.09301856011641402, -0.058948174322712814, -1.4121755915606868, -0.4096682052191367, 1761718000000, 
-0.061515899487204866, 0.020491094540685796, -0.054808534650646286, -0.0049091997551388745, 0.0918918811256058, -0.05342365065340815, -1.4022134858617814, -0.4099209060068579, 1761818000000, 
-0.06044437927081962, -0.05751167510474635, -0.0566234620201775, -0.00489847861695061, 0.09276548531774689, -0.05280496943633718, -1.3919893798412981, -0.4102412639210147, 1761918000000, 
-0.025032190224913074, -0.004602142208016958, -0.04403780752278337, -0.004619624926523632, 0.09294605990610377, -0.049702213640798576, -1.3820208703135917, -0.410605360463015, 1762018000000, 
-0.0390034688458351, -0.022389352023812294, -0.041795796192785103, -0.00442521967914936, 0.09355476289052317, -0.047300848641214636, -1.3719970859603832, -0.41101978155967656, 1762118000000, 
-0.030954998261977586, -0.011533702978869267, -0.03732589815842442, -0.0042265301540639596, 0.09397219031334277, -0.04497639290912484, -1.3619898982991163, -0.411481040054664, 1762218000000, 
-0.03205276190949401, 0.025720969746044688, -0.03508082005550267, -0.003806847881189532, 0.09371767116793528, -0.04062038496846487, -1.3521203192258386, -0.4119754803751511, 1762318000000, 
-0.05108474978288815, -0.010607745915753234, -0.0410750156281195, -0.003564611888876705, 0.09383699934677557, -0.037987274888273505, -1.3420993760324091, -0.41251822969012736, 1762418000000, 
-0.06450299274846721, -0.008477343049478045, -0.049948628925381516, -0.00341125453595958, 0.09334630338495997, -0.036544077400596925, -1.3320469906928105, -0.4131020578344754, 1762518000000, 
-0.04384315348206178, -0.010448626166665401, -0.047300462058658684, -0.003229952618314438, 0.09321165103956139, -0.03465181211030759, -1.3220296747024276, -0.41372002064284075, 1762618000000, 
-0.06575907691044028, 0.01214370161774176, -0.05422822063111393, -0.0029775961034480347, 0.09240779253610049, -0.032222348589106185, -1.3119904211856726, -0.41437126338488517, 1762718000000, 
-0.0680032076126573, 0.009316118656068465, -0.05929756230562757, -0.0027720364139582694, 0.0916667540504922, -0.030240368415700276, -1.3019766943803128, -0.4150529871782383, 1762818000000, 
-0.04115832788943716, -0.024526248852996223, -0.05189995628205872, -0.002669297547743209, 0.0920556439646341, -0.028996565911468705, -1.2919889283479418, -0.41576482548192617, 1762913000000, 
-0.026080230998299633, -0.019085394470196984, -0.04154423542996681, -0.0025137529108470802, 0.09284003270754393, -0.027076174334897875, -1.2820534367563552, -0.41650047291408665, 1763013000000, 
-0.042765211941829084, 0.001396260365057314, -0.04176169786074218, -0.0023014552168935916, 0.09308554639537789, -0.024724087745247085, -1.2720851382150138, -0.4172633829927122, 1763113000000, 
-0.053111869358104344, -0.004551833491722968, -0.045921291060111474, -0.002148261379756686, 0.09305689628329317, -0.023085461320531606, -1.2620930005968818, -0.4180532104341021, 1763218000000, 
-0.047711552084840264, -0.02021195373910887, -0.046344789300927225, -0.0020484656407307096, 0.09315659895790696, -0.021989485056837618, -1.252119335432214, -0.4188654184900719, 1763318000000, 
-0.06653018392513553, 0.02155209105552377, -0.053945548402283695, -0.0017848165084659096, 0.09238620299685806, -0.019319080669725208, -1.2420943958729838, -0.41969955962949973, 1763418000000, 
-0.038211915015300475, -0.03808690387473462, -0.04751140229761957, -0.001822548841699047, 0.09276812916367165, -0.019646282167483486, -1.2321067931857497, -0.42055611964220946, 1763518000000, 
-0.04935721983635103, 0.007751218435365796, -0.04795981041577577, -0.001655563431575987, 0.09264029259202515, -0.01787087869925947, -1.2221589521831648, -0.4214243033009992, 1763618000000, 
-0.01993093102826457, 0.029474178563568938, -0.03679019340778962, -0.0014415207734026145, 0.09306242859695801, -0.015489825433695316, -1.212275376653397, -0.4223032521762018, 1763713000000, 
-0.05375741290965956, 0.00020599237982645404, -0.043147332085683054, -0.0014004841300136654, 0.09316973364350714, -0.01503153519116305, -1.2022886846651566, -0.42320928319781154, 1763813000000, 
-0.06447965704202088, 0.007515638298230704, -0.05119539690641023, -0.0012925271380576186, 0.09273468420887257, -0.013937904130307628, -1.1923541029170128, -0.42412395985534945, 1763913000000, 
-0.07954077017320509, -0.003974686861339411, -0.06193872625230966, -0.001247110828281494, 0.09187599932465024, -0.013573847767083775, -1.1823123340838908, -0.4250634182026216, 1764018000000, 
-0.06464960633279322, -0.038232434733047015, -0.06265504361607749, -0.0013444941170603292, 0.09147062884117639, -0.014698642986207306, -1.1722740483978167, -0.42601970986774584, 1764118000000, 
-0.05069790355486874, 0.012732325738293419, -0.057668932953633054, -0.001199872024627123, 0.09122508199927776, -0.013152874169371782, -1.1622835907646962, -0.426981164859374, 1764218000000, 
-0.06100574954614623, 0.022287180995799377, -0.058642083799641274, -0.001054171004721128, 0.09100774114891422, -0.011583311391019016, -1.1523563578048956, -0.4279487118454523, 1764313000000, 
-0.07617776743602507, -0.019288605963206272, -0.06511857235349709, -0.0010692703719391242, 0.09067873020392647, -0.011791854269843138, -1.1423252509692667, -0.42894103467148365, 1764413000000, 
-0.06413829582975757, -0.005935903785184538, -0.06437195246144799, -0.0009553255755950302, 0.09043674864565115, -0.010563466620612185, -1.1322922516597833, -0.42994270079412955, 1764518000000, 
-0.06293826905450041, 0.012147882750404095, -0.06345371709180542, -0.0008112036795195622, 0.09031501761989902, -0.00898193568353831, -1.1224025510421174, -0.4309393119130931, 1764613000000, 
-0.055090996724505736, 0.0024220783788190306, -0.05983505633768695, -0.0007829872530596197, 0.09047126479144463, -0.008654540807676013, -1.1124687526776833, -0.43195149300969377, 1764713000000, 
-0.04645441602234422, -0.0036884644357688635, -0.05427334400460483, -0.0007489293764952968, 0.0909048975331741, -0.00823860316460935, -1.1025186993561673, -0.4329738445901269, 1764813000000, 
-0.08202369002066973, -0.01283259383140746, -0.06473649770404327, -0.0007302624677748157, 0.09063244091835376, -0.00805740704294473, -1.0925888378820716, -0.4340023481271232, 1764913000000, 
-0.019935379546711, 0.025845551822800017, -0.046951080354406885, -0.0006230978752966597, 0.09134327491778703, -0.0068214969942502635, -1.0827315820536167, -0.43502970102816396, 1765018000000, 
-0.049677874681540266, 0.026274341707679304, -0.04771135614691689, -0.000539599860331915, 0.09178426286014574, -0.005879001949976092, -1.072857403813917, -0.4360653521878565, 1765113000000, 
-0.03483959237872383, -0.0016492533429950044, -0.04240604247783105, -0.0005527760736265471, 0.0924207087480254, -0.005981084554692482, -1.0629356525174014, -0.4371139443308435, 1765218000000, 
-0.0340961404037286, -0.05221672808269295, -0.03889649013932892, -0.0007152399760942705, 0.0931571316830424, -0.007677780145998926, -1.0530494481909902, -0.43816842066607953, 1765313000000, 
-0.04584187219348511, 0.019301743274346035, -0.04135457500620607, -0.0005794836982378752, 0.09326320882595442, -0.006213422265143095, -1.0430517932460053, -0.43923624756314195, 1765413000000, 
-0.09009260651307469, -0.01973468342512464, -0.060065517548619066, -0.0006342693247120307, 0.09237946017646674, -0.006865912871762029, -1.0330963182742425, -0.4403094945065979, 1765513000000, 
-0.0749282216221413, 0.013857023727174041, -0.06553830171759528, -0.0005313287463743065, 0.09136302227124754, -0.00581557760640673, -1.023046991600924, -0.4413964203590562, 1765613000000, 
-0.04767845516745871, 0.022417041462296977, -0.05824326948361019, -0.0003962566935828802, 0.09111770999239831, -0.0043488438593983405, -1.013001779837169, -0.4424875612507145, 1765713000000, 
-0.05755741165618261, -0.009029986681293251, -0.05764269762753303, -0.0004236191505449268, 0.09115909949166402, -0.004647030882349429, -1.0031595990826778, -0.443564111470426, 1765813000000, 
-0.05847908531282347, 0.0025956513889038987, -0.057632133247312374, -0.0003899735063903882, 0.09109510694508187, -0.004280948993511692, -0.9931244012876289, -0.44466514488963094, 1765913000000, 
-0.04525593172348831, -0.01796106968410342, -0.05248224226417851, -0.0004206880084343694, 0.09144626485141187, -0.004600384817443686, -0.9832636227719527, -0.44575277895201637, 1766013000000, 
-0.04334274328601801, -0.011199159771667331, -0.04861047332580889, -0.00044645552411676513, 0.09186485270725597, -0.004859916616200068, -0.9733539688103946, -0.4468504449345656, 1766113000000, 
-0.05253014590829847, -0.008855934249438476, -0.04983937531439799, -0.00043319863252116444, 0.09207142995753184, -0.0047050277455338565, -0.9634864309796886, -0.44794746609155045, 1766213000000, 
-0.07337944657423523, 0.03634405512370882, -0.0587063921456524, -0.0002517513825046374, 0.09157430320034847, -0.0027491487645158446, -0.9535142131787356, -0.44905666740884825, 1766313000000, 
-0.06642312798050029, -0.018966336642127928, -0.061381212592788635, -0.00030982882757613046, 0.0911853884564711, -0.003397790290974442, -0.9435402087239824, -0.45017373800601035, 1766413000000, 
-0.05375668261915377, 0.001882087924579671, -0.058073931859769126, -0.00025613495715532417, 0.09111215077577657, -0.0028112052560987423, -0.9335950310470199, -0.45128866327613526, 1766513000000, 
-0.05328387440530763, 0.027995434584423474, -0.055875932345343604, -0.00013222663582884126, 0.09116546372195482, -0.0014504027120634054, -0.9236448362933325, -0.4524049942698825, 1766613000000, 
-0.060757170537853025, 0.023262199524107977, -0.05744670587892212, -0.00011018580261156438, 0.09114365060890457, -0.0012089246137876272, -0.9137242477808764, -0.4535212799892855, 1766713000000, 
-0.0657060714432135, -0.026493074959525142, -0.06032550198529424, -0.0002466011683980128, 0.09097488556141327, -0.0027106510426060703, -0.9037604274124387, -0.4546474243135389, 1766813000000, 
-0.06352092415616796, -0.012797875835794906, -0.06122333437623936, -0.0002642575186096189, 0.09081185820780875, -0.002909945064717284, -0.8937871022021132, -0.45577523888879995, 1766908000000, 
-0.06424718777518314, -0.006531046484210876, -0.06205049984382718, -0.000290553342751267, 0.09067491989897761, -0.003204340771130288, -0.8838615554229278, -0.4569008629963931, 1767013000000, 
-0.07706585113879644, 0.011537055777949485, -0.06753719280573653, -0.0002563205752869346, 0.0902244101450796, -0.0028409227045627086, -0.873859312418882, -0.4580370447989439, 1767113000000, 
-0.03807106197707161, 0.010435436597121912, -0.05569753162721538, -0.0001908842929626061, 0.09064671509799345, -0.002105804857420934, -0.8639686925393212, -0.4591625153389505, 1767213000000, 
-0.06390722705676928, 0.01090546209522991, -0.058551640059997766, -0.00014241120099707202, 0.09076910619710192, -0.0015689391133568188, -0.8540637268148281, -0.4602917354353659, 1767308000000, 
-0.02778702503594203, 0.051110114678676495, -0.04624016239668477, 1.7581995371963275e-05, 0.09152254257880826, 0.00019210562640153668, -0.8441841060364931, -0.46141680160426735, 1767408000000, 
-0.06916301614276184, 0.003712372441121467, -0.05485978007453332, -3.0225337593439673e-05, 0.09155486242886184, -0.00033013361378730454, -0.834296486118716, -0.4625467064825736, 1767513000000, 
-0.06813008956163538, -0.003639759305815515, -0.059702717741868305, -8.991431500879981e-05, 0.09123946250471662, -0.0009854761584566732, -0.8242819390864166, -0.4636920514268667, 1767608000000, 
-0.06132391164143785, -0.016250138532073834, -0.05999750599079416, -0.0001728773431674449, 0.09105500926222064, -0.0018986033230702542, -0.8143545772293659, -0.4648293398120772, 1767708000000, 
-0.07164972307289254, 0.0024805744721904956, -0.06418934359403991, -0.00019871279477006075, 0.09067697930846408, -0.0021914359773066707, -0.8043789596825368, -0.4659730977748012, 1767808000000, 
-0.06364605655634085, 0.01075448608694306, -0.06361841939677762, -0.00018583110819343418, 0.09045971992477679, -0.0020542967449817995, -0.7944072618612725, -0.4671177941538175, 1767908000000, 
-0.1787852747658731, -0.10879062148626918, -0.10807184026097214, 0.023771733777781266, 0.0875311161280283, 0.2715803799760909, -0.7841891103715228, -0.4676897713348828, 1768008000000, 
-0.04514640276964315, -0.09828664929505898, -0.08386778853647925, 0.026793131481447907, 0.07341176766018113, 0.36497052632585797, -0.7763114322096935, -0.4680322771070435, 1768108000000, 
-0.08180183409099796, -0.20145251377446144, -0.0840036024057332, 0.0115498134768415, 0.0492473165866162, 0.23452675754480315, -0.7713111277095653, -0.46835220029180313, 1768208000000, 
-0.020662290070412988, 0.04890694805970897, -0.0578453983206463, 0.013833597240755242, 0.06821504289481686, 0.20279393889828295, -0.762659605485368, -0.46864802822624296, 1768308000000, 
-0.06991259368893979, -0.13864541776538186, -0.062365538466333185, 0.00879036835865726, 0.06534027483387242, 0.13453216076924626, -0.7552320409428852, -0.46875353311717766, 1768408000000, 
-0.040078758548803134, -0.021389716923644973, -0.052837008161869134, 0.003335809272572959, 0.07457096185266213, 0.0447333545082049, -0.7464302323305474, -0.46883340629970577, 1768508000000, 
-0.04417499918593456, 0.06509032220163721, -0.04870222473969259, 0.0029243993144893936, 0.08260155761823769, 0.035403682434236715, -0.7370213984157414, -0.46875144548734415, 1768608000000, 
-0.05460007960545222, 0.0033176061902522834, -0.050487817215014524, 0.0037065655300102074, 0.08628114978089149, 0.04295915781631242, -0.727412836312129, -0.46859546251401013, 1768708000000, 
-0.01018588758880938, -0.012068425183449192, -0.034398911576247915, 0.003663255521089178, 0.08925805515703966, 0.04104117566357553, -0.717832264215949, -0.4684037001160848, 1768808000000, 
-0.049866417354680836, 0.028129384557343505, -0.04007433854412604, 0.0055092002231747735, 0.09132930439820976, 0.060322371439005124, -0.7079814400801795, -0.46812691003906864, 1768908000000, 
-0.043798474776091986, 0.038359908260856404, -0.04119426326139941, 0.006924713597077319, 0.09289428608563491, 0.07454402083131086, -0.6979871472119977, -0.467784499889484, 1769008000000, 
-0.06499392893649324, 0.017272483062090623, -0.05018219354083598, 0.0069679028891045615, 0.09289594537728696, 0.07500761051308717, -0.6879349538719697, -0.4673876170975911, 1769108000000, 
-0.04018679230467805, 0.015147678514284856, -0.046004450004564705, 0.007106572796757111, 0.09302975992729874, 0.07639031641391726, -0.6778401411387137, -0.46690875690248895, 1769203000000, 
-0.07240781325962165, -0.024523337006107725, -0.056069983929415514, 0.006616434270243217, 0.09142129051017345, 0.07237301325895125, -0.6680036811453892, -0.46637872838350036, 1769308000000, 
-0.07012570719270314, -0.024738280644903295, -0.06126701284342434, 0.005684777661215386, 0.09019107121884332, 0.06303038188139054, -0.6581308545455635, -0.4657901980212938, 1769403000000, 
-0.05980125577718798, -0.007634640356559731, -0.060354969690459316, 0.0050962973764548045, 0.09004068975864596, 0.05659993709638862, -0.6482605990366961, -0.4651378839776081, 1769508000000, 
-0.059508930940046306, 0.04671305366727686, -0.05960799523812406, 0.004883068219454306, 0.09121566604740568, 0.05353321892005402, -0.6381560539419983, -0.4644096154086306, 1769608000000, 
-0.05880498677676278, 0.013910654960099744, -0.058949962965891535, 0.004487267292088744, 0.09125835785047094, 0.04917102825191356, -0.6281664450464577, -0.4636382669004343, 1769708000000, 
-0.06589890992793647, -0.003918464908664709, -0.06132922346786757, 0.004218436669493561, 0.09077181089136004, 0.0464729812930843, -0.6181736787484797, -0.4628155978028929, 1769803000000, 
-0.033057804392131906, 0.043757323869403286, -0.049939608699822544, 0.00427429802476915, 0.09201738388574718, 0.04645098398011735, -0.6081455251256919, -0.4619370378543869, 1769908000000, 
-0.04037023004951732, 0.033197406811160395, -0.04589169183894498, 0.004139311152759899, 0.09286203086954639, 0.04457485060363206, -0.5981557140614986, -0.4610189445389948, 1770003000000, 
-0.02223688075468323, 0.010846563487919656, -0.036417116751650755, 0.003962072862437997, 0.0935331941433068, 0.04236007225806392, -0.5882706251255125, -0.46006591601312313, 1770103000000, 
-0.04931719904834293, -0.025878830481892413, -0.04123447810829854, 0.0036303261173427125, 0.09305832037853477, 0.03901130068300802, -0.5783829626814401, -0.4590749759607868, 1770203000000, 
-0.06436287479872269, 0.006775663938040752, -0.049977517371982194, 0.0034041230674673436, 0.09279421544408589, 0.03668464732608826, -0.568400150050957, -0.45803573402380865, 1770303000000, 
-0.03784678637714915, -0.0008019599037542696, -0.04498346228911121, 0.0031550060901429, 0.09279314329228858, 0.034000422641196286, -0.5584431192447914, -0.45696252297505113, 1770398000000, 
-0.060756791707945325, 0.022767952054020095, -0.05084015569267665, 0.0029938383604559624, 0.09281423682343222, 0.0322562406686743, -0.5485165557692101, -0.4558589448093319, 1770502000000, 
-0.05247244137535174, -0.024308172654344276, -0.05121643889720023, 0.002633662499472182, 0.09216799729424399, 0.02857458745755624, -0.5386088511876194, -0.45472946142070786, 1770602000000, 
-0.04984931481613906, -0.011837281468269938, -0.05039797600392399, 0.0024023295318473686, 0.09198978716426766, 0.02611517654190774, -0.5286587450279983, -0.4535654621169023, 1770702000000, 
-0.05331859625660655, -0.008327061022457822, -0.0512432372032791, 0.0022219562016968894, 0.0919014827043331, 0.02417758817717231, -0.5187519619534633, -0.45238033733080985, 1770802000000, 
-0.05049120110347405, 0.03871846131174352, -0.050631034693959444, 0.0022307891705370744, 0.09235133785118659, 0.02415546133323733, -0.5088335450623444, -0.451166183138707, 1770902000000, 
-0.06680802730121208, -0.0065735635286399115, -0.05663779919485609, 0.0020561720179916106, 0.091809477849627, 0.022396075722806916, -0.4988153645551482, -0.44991936180729347, 1771002000000, 
-0.03801266070460879, 0.011967628059615954, -0.049072687534889525, 0.0020115853964212246, 0.09211533504248422, 0.021837682026488506, -0.4889434800579085, -0.44866550245151077, 1771102000000, 
-0.07343309714010132, -0.01075893275151926, -0.058264094085155815, 0.0018520631251611466, 0.09156658252623918, 0.020226408740660624, -0.4789874107001398, -0.44738250565098875, 1771202000000, 
-0.06188796320477133, 0.04207685301288109, -0.0593317163933458, 0.001863654166209633, 0.09159548270007006, 0.020346572901549953, -0.46903122721476603, -0.44607570425197707, 1771302000000, 
-0.023120177722796946, -0.0075399838970891375, -0.04492241101900487, 0.0016746629399451384, 0.0920506826066474, 0.01819283564795861, -0.45918037149383506, -0.4447660905311427, 1771402000000, 
-0.04226334008818428, 0.027750512621959125, -0.04359324536587556, 0.001650665084459935, 0.09269364219176887, 0.01780774868080988, -0.44927248539129333, -0.44342827171772187, 1771497000000, 
-0.06709547139131683, 0.01237332161296807, -0.052465629079750546, 0.0015434223426411518, 0.09245920742324898, 0.016693008578105725, -0.4393181034993834, -0.4420683317239241, 1771597000000, 
-0.06378455948874179, 0.008635176575434039, -0.05657382409112109, 0.001410451547429747, 0.09202284159512729, 0.01532718967357374, -0.4293327656440053, -0.4406880976455154, 1771697000000, 
-0.045221406133630154, 0.01315815151393978, -0.051843025647442205, 0.001356849567199766, 0.09206434718462306, 0.014738056682015905, -0.4194325641873502, -0.4393026500712648, 1771797000000, 
-0.023547778318959503, 0.005664337570095749, -0.04053556780663901, 0.0012789605940864393, 0.09271616056085581, 0.013794365365754895, -0.4096037352818728, -0.4379130509673171, 1771902000000, 
-0.06281172220554314, -0.01658937135568113, -0.0489495434319903, 0.001110404929138658, 0.09252559786235319, 0.012001056516171506, -0.39973681360110336, -0.43650727496842673, 1772002000000, 
-0.07032136317495598, 0.01925828112668704, -0.05697675097933319, 0.0011124678207611218, 0.09209370810254996, 0.012079737516078135, -0.38977062808974006, -0.43507191114175825, 1772102000000, 
-0.05641788984843929, 0.007277874454521635, -0.05644740860381429, 0.0010343889188411015, 0.09179074066503295, 0.011268989784229345, -0.3798348906093278, -0.43363031665336604, 1772197000000, 
-0.06261983531909242, 0.011445457537154475, -0.05852670147998388, 0.0009643619116918389, 0.09146963665812634, 0.010542973022798852, -0.3698043362601753, -0.43216371305619034, 1772297000000, 
-0.07933944978716398, 0.012499124741566477, -0.06629523265844428, 0.000927361552564799, 0.0908871482190229, 0.010203439878320442, -0.3599334778093622, -0.43070948299805584, 1772402000000, 
-0.026568250609695622, -0.0029849280373497357, -0.050482165963463436, 0.0008350410542661714, 0.09133833240927881, 0.0091422848681365, -0.35007199023723296, -0.42924740935324085, 1772502000000, 
-0.049850734730898405, 0.018997563321317232, -0.04992124436066352, 0.0008195486864538624, 0.09177712599782632, 0.008929770654109095, -0.34024326484142, -0.4277799708419624, 1772602000000, 
-0.06215450176097728, -0.03568573176787233, -0.05438575833990466, 0.0006216078983097845, 0.09157320211750142, 0.006788098307539506, -0.33034359501547805, -0.4262973804156103, 1772697000000, 
-0.05317276625576269, -0.004718547966765698, -0.05359890264865457, 0.0005841441495349033, 0.09161201992024025, 0.006376282828863222, -0.3204784023431282, -0.4248101543953279, 1772797000000, 
-0.05342589859068183, 0.01577649600664969, -0.053214985076599344, 0.0006223259638919107, 0.09169776653792716, 0.006786707979790436, -0.3105643142885967, -0.4233074128087483, 1772897000000, 
-0.049567649640436494, 0.01869016804530658, -0.0514834726345423, 0.0006406860583549336, 0.09188267814688154, 0.006972870961931993, -0.30071709196128954, -0.4218081749093535, 1772997000000, 
-0.05601956945898962, 0.016163737293453148, -0.05294278003806071, 0.0006619665439874863, 0.09189151228880098, 0.00720378332557012, -0.2908091489593037, -0.42029249297684795, 1773097000000, 
-0.04911793213168686, -0.008947680016900128, -0.05115018126639222, 0.0005991658905781138, 0.09193057479759782, 0.006517591039730671, -0.2809221570638314, -0.4187745760859966, 1773202000000, 
-0.06155870520292217, 0.004623508966522257, -0.05489865086963629, 0.0005594314635735984, 0.09178846008861268, 0.006094790816117001, -0.2710472432860276, -0.41725178250285805, 1773297000000, 
-0.04604967483810801, 0.02577437308626097, -0.051138462935552194, 0.0005958809302904121, 0.09193799603397873, 0.006481334769034824, -0.2611109121791732, -0.41571157310868784, 1773397000000, 
-0.058809594082402245, 0.010305391530520461, -0.053822124735797006, 0.00054951976740667, 0.09188179149919284, 0.005980725434717905, -0.2512730385931503, -0.41418195288126713, 1773497000000, 
-0.058602650798252706, 0.018233605938106773, -0.055371859212918165, 0.0005393636933222719, 0.09174879230274732, 0.0058787007412861745, -0.24137258185985266, -0.4126359059249457, 1773597000000, 
-0.03382074964533364, 0.014225361954654738, -0.04667141525684629, 0.000516141251303325, 0.09216272501268737, 0.005600325416075442, -0.23151773076580381, -0.4110912930389139, 1773697000000, 
-0.05313953643552861, 0.005137248681969428, -0.04890119588199041, 0.00043630824138052104, 0.09227886395956791, 0.004728149249558273, -0.22163189648127618, -0.40953775365465983, 1773802000000, 
-0.08529132140682816, 0.006343553155656233, -0.06276911595907768, 0.0003738883868184116, 0.0915360170488663, 0.0040846040593924045, -0.2116774172885644, -0.40796870157899956, 1773897000000, 
-0.040435602392943575, 0.012690663407949908, -0.05374258765990084, 0.0003542230027246025, 0.09158674103385507, 0.003867623181325601, -0.2017771701090796, -0.4064030898958198, 1773997000000, 
-0.03382505685582785, -0.030183389953903655, -0.04568350304741822, 0.00019018950055437841, 0.09206711158234474, 0.002065770254824092, -0.19200170775498399, -0.4048569436526913, 1774097000000, 
-0.04879437016087843, -0.030820606507489016, -0.04660910559901811, 9.338156260998539e-05, 0.09231741652999705, 0.0010115270348758359, -0.18212310962174938, -0.40329164142672175, 1774197000000, 
-0.06582787373560334, 0.008526379022131901, -0.05380410480164646, 0.0001706282247295012, 0.09208781271999807, 0.00185288606265753, -0.1722394081028155, -0.40172076652145317, 1774297000000, 
-0.05338001481125486, -0.03632841900192961, -0.05333712355187728, 5.958977061455916e-05, 0.09192359717169128, 0.000648253249959961, -0.16234501354171144, -0.40015040794506745, 1774397000000, 
-0.04173881676690853, 0.023478288288214116, -0.048518897319410434, 0.00021725644956528472, 0.09214533250858566, 0.002357758593415915, -0.15249526915265738, -0.39858048364363785, 1774497000000, 
-0.02653192920806951, 0.016756798494262076, -0.03967538009533023, 0.0003261165644046856, 0.09281957873382152, 0.0035134458575802126, -0.1427035393908719, -0.3970177713248386, 1774597000000, 
-0.07069820289637874, -3.3169875271474216e-05, -0.05148847739343471, 0.00030191317065199607, 0.09252299574526646, 0.0032631149501819085, -0.13275918144800458, -0.395429890259314, 1774697000000, 
-0.04647881660395261, 0.005564379424468003, -0.04925081073535022, 0.0003146389813336806, 0.0924665213096934, 0.003402734058523477, -0.12287280274981251, -0.3938471422442861, 1774797000000, 
-0.050993960298531586, -0.04167676404021758, -0.04964916361675219, 0.000148976860112773, 0.09236750928000659, 0.0016128708165244396, -0.11304750166766968, -0.39227505740774227, 1774892000000, 
-0.04373130432684688, -0.02259098635329642, -0.04705999118420361, 6.968628328399626e-05, 0.09248061910157081, 0.0007535231052839331, -0.10316976623518948, -0.3906917057812885, 1774997000000, 
-0.07040179506885726, -0.010058728564195665, -0.055861104630351016, 7.02569971060386e-05, 0.09204991649944787, 0.0007632488955756959, -0.09323999562161328, -0.38909773756136407, 1775097000000, 
-0.06761659729959238, -0.01539461930060898, -0.06012644496810113, 4.5205355405976e-05, 0.09153500955481877, 0.0004938586408176783, -0.08334559264258072, -0.3875092471776043, 1775197000000, 
-0.07912892954823078, -0.011013772562978969, -0.06718946068474566, 6.163239012507521e-05, 0.09079803135354018, 0.0006787855331917632, -0.07341926206809231, -0.38591423075450587, 1775292000000, 
-0.061217276706660786, 0.03044999107596311, -0.06450128113846536, 0.00023126840054515715, 0.09048106288934464, 0.00255598677955398, -0.06348111762593774, -0.38431270878372525, 1775397000000, 
-0.1001779052733647, -0.0080140677259842, -0.07801604055787499, 0.00020149286069831563, 0.0894983126580797, 0.00225135932414839, -0.05351340402477588, -0.3827078764063981, 1775492000000, 
-0.08757135821747308, -0.003370511028554236, -0.08131527482301465, 0.0001973696774395792, 0.08868133952718776, 0.0022256055049672536, -0.043552914112170105, -0.3811014616810074, 1775592000000, 
-0.04246017451035025, -0.011018318288928207, -0.06575770719741929, 0.00017390749715322047, 0.08910068994350447, 0.0019518086477611895, -0.033750141151507915, -0.379518730858091, 1775697000000, 
-0.06984710556210635, 0.022531875827498434, -0.06694948269396772, 0.00021618337537658873, 0.08933930326550041, 0.0024198014476800927, -0.02391048686619387, -0.3779266557220075, 1775797000000, 
-0.06021471083828887, 0.008168663277371278, -0.06393237163544165, 0.00018887162587321771, 0.08963524272965584, 0.0021071134536095756, -0.014048105989754813, -0.3763299209656498, 1775897000000, 
-0.05554513812957635, 0.01894434069095715, -0.060287011827250346, 0.0002254806440826288, 0.09006046164604063, 0.0025036585418451683, -0.004237510150915043, -0.37473803770035974, 1775997000000, 
0.0043360530352260715, -0.03013412818475217, -0.03475847052410988, -0.01912252425175033, 0.09221803470966339, -0.20736208825047223, 0.0056168682191613355, -0.37359749203877707, 1776092000000, 
-0.06289559663970426, 0.002072358387050322, -0.045558663766723795, -0.02509747570486724, 0.09057380584736417, -0.2770941937358991, 0.01529964369163554, -0.3724885767005798, 1776192000000, 
-0.08855120740375819, -0.11836334922832835, -0.06132443207097146, -0.015960254818431142, 0.10182104115955415, -0.15674810075278384, 0.02690017719173455, -0.3710074169612945, 1776292000000, 
-0.034074097525418116, 0.005511817441654125, -0.05068203843777323, -0.011795364696659294, 0.09714507110296954, -0.12142010462019964, 0.03713129589456871, -0.3700226971423751, 1776392000000, 
-0.04253182676954115, -0.003063328487268969, -0.047345027146960206, -0.009226986663044145, 0.09521635269814742, -0.09690548316102084, 0.047249490574445926, -0.36916690759419996, 1776492000000, 
-0.06822105131705217, -0.019308612820336704, -0.055217566393784945, -0.0039497097659905635, 0.09445482467682392, -0.04181586043385766, 0.057531444365430714, -0.3683056586276351, 1776592000000, 
-0.04400361902302745, -0.0941313836821196, -0.050514210547664556, -0.003471357370657188, 0.09504464524805656, -0.03652343971190917, 0.06784321200605224, -0.36757738715823063, 1776692000000, 
-0.05033970438193113, -0.03365339720997677, -0.05019162160240994, -0.003210374814208908, 0.09439960674016955, -0.034008349452612795, 0.07797910444900358, -0.36690465059089294, 1776792000000, 
-0.06054409984052477, 0.03179546645877927, -0.054002133319220484, -0.0018216570258991363, 0.09288479318144435, -0.0196120049741689, 0.0880269776460215, -0.366243900701072, 1776892000000, 
-0.07018124904923612, -0.017054528217158537, -0.060002619609120206, -0.0024559099125051505, 0.0921825259693275, -0.026641816186750204, 0.09808812696582367, -0.36564347268019953, 1776992000000, 
-0.03172004854038188, -0.03188657201911203, -0.04866345563229406, -0.0033002518209219447, 0.0925819181526905, -0.03564682917326267, 0.10816542498484479, -0.36507931644143626, 1777092000000, 
-0.05026947242414959, -0.03218147894403055, -0.04898356090198889, -0.0032651062787789026, 0.09295405659680904, -0.03512602244936332, 0.11819408434861918, -0.3645357780333674, 1777192000000, 
-0.05489788126621934, -0.041554917851378374, -0.050979704447759386, -0.003472309904558456, 0.09318270022785316, -0.03726346087919602, 0.12829191036561374, -0.36402950616250257, 1777287000000, 
-0.061920565208661314, 0.01822251465144574, -0.0549817203851126, -0.0032619941871284033, 0.09225047640048509, -0.03536018798393165, 0.1382696284031338, -0.3635589151107975, 1777392000000, 
-0.0429277192980002, 0.0295889350464905, -0.050016049700127595, -0.002638892345750246, 0.09182509388680188, -0.028738248272344395, 0.14817167027185726, -0.3631160345156116, 1777492000000, 
-0.04968871628455022, 0.010769203287946099, -0.04959484258570761, -0.002264309867619518, 0.09188393538306894, -0.024643152888255075, 0.15815435300303912, -0.36270009556774274, 1777592000000, 
-0.033868145359046295, 0.012599211447746117, -0.04318503837034589, -0.0020115565208104315, 0.09230449418883181, -0.021792617342068873, 0.1680928444085515, -0.3623121151621908, 1777692000000, 
-0.0943067454503704, -0.03501967506889452, -0.06278132016382429, -0.0019221910624167891, 0.09185643160277025, -0.0209260367388234, 0.1781867406490212, -0.36194104727169496, 1777792000000, 
-0.07706320620252721, -0.017728177927741465, -0.06800052672462698, -0.0018853371006486144, 0.09108583355522036, -0.020698466787435584, 0.18827545914577395, -0.3615932957625237, 1777892000000, 
-0.06004068090821135, -0.011192024000434696, -0.0645398452614586, -0.0018657958264340893, 0.09074595961571266, -0.020560649028731268, 0.1983354117234527, -0.3612679899895882, 1777992000000, 
-0.047252266873657446, 0.007272139304854711, -0.05745990055930933, -0.0017640881509252975, 0.09082147658696657, -0.019423689387345358, 0.20829704222419343, -0.3609644897539316, 1778087000000, 
-0.06151175084733732, -0.0074850099528905294, -0.05869218539474892, -0.001720062851894485, 0.09091885235738044, -0.018918659962109133, 0.21830036967135402, -0.3606795515494645, 1778187000000, 
-0.04709758055496086, 0.0065908581576134325, -0.05384226041342541, -0.0016057029226286665, 0.09114629989012808, -0.017616764745955176, 0.22828973473662084, -0.3604124308015428, 1778292000000, 
-0.035178224492639715, 0.015295932567644725, -0.0462630406600007, -0.0014677762993814004, 0.09169974860907693, -0.01600632849756921, 0.238188053600887, -0.360164256824998, 1778387000000, 
-0.056479537634832225, -0.012482997481385281, -0.04993708428152735, -0.001429142208063349, 0.0920079970085195, -0.015532804261905814, 0.2481964084711469, -0.3599305880186413, 1778487000000, 
-0.06811256995900887, -0.007402859056440018, -0.05670854450254321, -0.001327839465045682, 0.09176350853887909, -0.014470234259657721, 0.2582280523938166, -0.3597103631692334, 1778587000000, 
-0.04344242293197803, 0.014689847231248842, -0.051234104627816475, -0.0011618439050585323, 0.09178492580903573, -0.012658330273925602, 0.26823158929578894, -0.3595036693098471, 1778687000000, 
-0.05785638172307999, 0.0071142497627479945, -0.05350760327088338, -0.0010815819664643225, 0.09173574507386364, -0.011790191114635369, 0.278223099435066, -0.3593108342565658, 1778787000000, 
-0.03230961324072848, -0.00814141754397338, -0.04494913454013387, -0.001058469515219224, 0.09228631625943863, -0.011469409096833125, 0.28813987258201823, -0.35913241448406, 1778892000000, 
-0.07923817583850014, -0.006419229560997047, -0.05800741812184028, -0.0010012169497217985, 0.09184542416437122, -0.010901108670694035, 0.29820960650203315, -0.35896133538972413, 1778992000000, 
-0.06742689210425803, -0.003133822112271779, -0.06135373792312665, -0.0009617455194605888, 0.09136173137122175, -0.01052678736519141, 0.3082184448698745, -0.3588026378148175, 1779092000000, 
-0.07472669698287039, 0.009448565755026618, -0.06622131335302871, -0.0008847046667364265, 0.09070809256521185, -0.009753315737516966, 0.3182718365471962, -0.3586526321368007, 1779187000000, 
-0.07323464346592647, -0.0015931754914086426, -0.06858322011859033, -0.000838277526445971, 0.09017721364903027, -0.009295890752497048, 0.32839340489081814, -0.35851183580872964, 1779287000000, 
-0.061943049560018615, -0.0034327760298367956, -0.06561869611651899, -0.0007954432275852617, 0.09006764082833936, -0.008831620549507934, 0.33838907103427573, -0.35838204386220207, 1779387000000, 
-0.02803656852135691, 0.025957480131654536, -0.050628602007309176, -0.0006667980298096167, 0.09079168396603564, -0.007344263270401064, 0.34825183539110344, -0.3582606538860718, 1779487000000, 
-0.08656968551612879, -0.006750563555595527, -0.06428338558831755, -0.000676330019831103, 0.09055111648978978, -0.007469041200694235, 0.35829072367800396, -0.35814663080354536, 1779592000000, 
-0.06950505298049708, -0.017686457904112413, -0.06594872367806094, -0.0007137834973321144, 0.09031030400257649, -0.007903677273766575, 0.3683388771476607, -0.35804102478406025, 1779692000000, 
-0.04293174222884339, -0.016374303055192316, -0.05662039425098156, -0.0007199980014986072, 0.09071676203253577, -0.007936769185394628, 0.3782959723443549, -0.3579438672617881, 1779792000000, 
-0.07754586285074236, -0.0144003984795633, -0.06441691292945427, -0.0007211078025609028, 0.09051387928874287, -0.007966820207324673, 0.3883300283663622, -0.35785357072777485, 1779892000000, 
-0.06395210957349351, 0.00475743269381633, -0.06387197665627023, -0.0006429421541788995, 0.09033234129412682, -0.007117518985647083, 0.39837822423181063, -0.3577694029722127, 1779987000000, 
-0.08057199187445153, -0.03170405639621537, -0.06999803872821149, -0.0006645185156732923, 0.08999527090719603, -0.007383927054995479, 0.40840071170524306, -0.35769445236222785, 1780087000000, 
-0.04920977026174619, -0.04923294330554343, -0.061513054802886165, -0.000711676292534244, 0.09029838735511277, -0.00788138430131054, 0.41844582964641114, -0.3576276548995691, 1780187000000, 
-0.0746790645177963, 0.00871232286921216, -0.06627592131317707, -0.0005387376534440978, 0.09008453126557736, -0.00598035695890841, 0.4284198946169155, -0.35756401151354483, 1780287000000, 
-0.09050064029620733, 0.013651018734407626, -0.07532296127390854, -0.00041581035212249107, 0.08938015128924538, -0.0046521553848893876, 0.43851171241127335, -0.35750589740959876, 1780387000000, 
-0.03855914479103644, 0.009123570265255114, -0.06060838042827714, -0.00034171159444922327, 0.08983379498606679, -0.0038038200935652635, 0.44844218129031205, -0.35745419067382717, 1780487000000, 
-0.07206459295305098, -0.002459283023033194, -0.06469462688041411, -0.00028921941677636023, 0.08991070179343827, -0.0032167407328308455, 0.4584338978764668, -0.357405923236678, 1780587000000, 
-0.051759062390139415, -0.006648049267452363, -0.05928431345686857, -0.0002943527770981595, 0.09027595432484181, -0.0032605889275784763, 0.4683895478538497, -0.35736231714536687, 1780687000000, 
-0.012771128426895734, -0.018161355556543635, -0.0408303494209053, -0.000374311739629372, 0.09159428941730538, -0.00408662747438326, 0.47828650852234916, -0.3573241567809875, 1780787000000, 
-0.03746076877979377, -0.0018833033023795704, -0.03923466534340659, -0.00036900333757575843, 0.09252048886852952, -0.003988341848259229, 0.4881727133091754, -0.3572883646844379, 1780887000000, 
-0.06298313792890026, 0.006310942613328296, -0.048213167234221525, -0.0003317948166830426, 0.09253730855476947, -0.0035855248209068595, 0.4981826061632311, -0.3572552898448873, 1780982000000, 
-0.04979508185657914, -0.024985837312247534, -0.048544617545705576, -0.0004009354861298192, 0.09254505353126546, -0.0043323275618871076, 0.5082347846195067, -0.3572281189172085, 1781087000000, 
-0.031332937579944625, -0.016339558761307188, -0.04156653752860821, -0.00039455296279386693, 0.09296897984523368, -0.0042439205361904896, 0.5181822431187463, -0.3572041765454763, 1781182000000, 
-0.03609992873499075, -0.00957640820503109, -0.03918389781984887, -0.00034517645246359447, 0.09336735457463816, -0.00369697153824423, 0.528132652571174, -0.3571833499882488, 1781287000000, 
-0.03767031213334824, -0.024342074659925567, -0.03835242500444393, -0.0003841038281316257, 0.09368125056052629, -0.0041001142259887, 0.5380998959453804, -0.3571680216145019, 1781387000000, 
-0.038671044242401656, 0.006757951400232768, -0.03824514026555539, -0.00027510460442307287, 0.09382876175184518, -0.002931985878175173, 0.5480877314413007, -0.35715343722869797, 1781482000000, 
-0.03536601623853591, -0.0066461201421179105, -0.036896619903407896, -0.00024001725207010088, 0.09402078800817754, -0.002552810470480477, 0.5580610068807864, -0.35714300440059316, 1781587000000, 
-0.058545397132644124, -0.01535419939041013, -0.045096460903109634, -0.00025370975224647623, 0.09365937291303762, -0.0027088559783765027, 0.5681165314684792, -0.3571359958398616, 1781687000000, 
-0.051404694425480214, 0.008303511655093042, -0.047303681790405276, -0.00015766020352782966, 0.09327739189164594, -0.0016902295436280303, 0.5781368757798698, -0.35712920319027996, 1781787000000, 
-0.07839120866456464, -0.00903936461516762, -0.059135278830746804, -0.00016287811348738066, 0.09235451650986264, -0.001763618279242323, 0.5882409947281297, -0.35712595305735834, 1781887000000, 
-0.048085941267607325, -0.006568652741287195, -0.05452678711345443, -0.00017237780305848202, 0.09203935665141301, -0.0018728705776523444, 0.5982808043382927, -0.35712472693119773, 1781987000000, 
-0.07277312128723279, -0.0048254335652035425, -0.061317406153470304, -0.0001522720078117836, 0.09144916946976309, -0.0016650999532820368, 0.6083712030800784, -0.35712465855419917, 1782087000000, 
-0.05399241186300231, -0.0030580661200452102, -0.05813382301698544, -0.00014660466357080683, 0.09128914926195385, -0.0016059374499166966, 0.6183463056490215, -0.35712653717796705, 1782182000000, 
-0.05855422789294296, 0.008230234550843754, -0.05796357721819261, -0.0001108049593341633, 0.09115813931468462, -0.0012155245836211774, 0.628433656508413, -0.357129279556388, 1782282000000, 
-0.015464912233565005, 0.004528680924674799, -0.04109906187297789, -8.430956225189577e-05, 0.0921253807227975, -0.000915161072772993, 0.6382531823034058, -0.3571332433604842, 1782387000000, 
-0.023508901243158013, -0.014506998985042496, -0.03398265086879522, -0.0001317918687517363, 0.09314482927155411, -0.0014149134179795503, 0.6481494612429067, -0.3571397507604007, 1782487000000, 
-0.047912874586882294, -0.002780573517969194, -0.03916759013329013, -0.0001228310998860191, 0.09347079831113579, -0.0013141120232775998, 0.6581231524794733, -0.35714659908531343, 1782582000000, 
-0.052060605002040905, 0.0010180258429284953, -0.043944561066163346, -0.0001079703523128849, 0.09337486932470918, -0.0011563106121993086, 0.6681406175037132, -0.3571546159084271, 1782682000000, 
-0.0614322568687967, 0.08294453366671663, -0.05052112978176516, 0.012919242207002185, 0.09247992099054989, 0.1396978075740608, 0.6781399553735262, -0.3568478206570096, 1782782000000, 
-0.07890307655834267, -0.006823855765989794, -0.061382289447621835, 0.02077396372429487, 0.08991554001314347, 0.23103863604954405, 0.6878953345053709, -0.3564482697840699, 1782882000000, 
-0.05022277360891228, -0.0996863253104972, -0.057359839986799374, 0.025252809184594948, 0.07842477542058071, 0.32200040164817545, 0.6959610884783133, -0.3558287312045618, 1782982000000, 
-0.028829259230784415, -0.029067587578195577, -0.046097120850614376, 0.029905963315537264, 0.07591903400003754, 0.393919175993763, 0.7040730947228488, -0.3549838502746066, 1783082000000, 
-0.0293902205226849, 0.04622788337798599, -0.03888192458554863, 0.03673419278614344, 0.08372264645229739, 0.43876053066566, 0.7132657370104956, -0.35377527231419675, 1783182000000, 
-0.027654067031016326, 0.07528818855896055, -0.033758546550907036, 0.0430254671848047, 0.09270537170497754, 0.46410975322689496, 0.7232711097572061, -0.3520446301482017, 1783282000000, 
-0.11518034524638936, -0.023700975262838146, -0.06586847190085511, 0.03809869098013155, 0.08011506469323852, 0.4755496500690833, 0.7314141361700592, -0.35013446533409515, 1783382000000, 
-0.08316442922236014, 0.06295529376735176, -0.07178987398453217, 0.04193045916169381, 0.08639849355587216, 0.48531470209695526, 0.7410064631700469, -0.34757130251903284, 1783482000000, 
0.00019690054537904213, 0.11209116943617749, -0.04264492662785004, 0.049159909929915015, 0.09972900074354879, 0.49293494934666776, 0.7515258817927557, -0.34419839402007557, 1783582000000, 
-0.07112982898275326, 0.004397496015570122, -0.05407146601347226, 0.04247640188372018, 0.08924666370982971, 0.4759438629753706, 0.7602144978648137, -0.3408297682352181, 1783682000000, 
-0.048306658687729945, 0.04109231843796064, -0.05146945053649415, 0.0402264190682966, 0.09007689310626539, 0.4465786694134836, 0.7693325276349023, -0.33692759214948825, 1783777000000, 
-0.054438093529149134, 0.06157676374436037, -0.05207467932565749, 0.03899493687466951, 0.0942830513910237, 0.4135943448939123, 0.7786372645138718, -0.3324958323068687, 1783877000000, 
-0.09005167118603, 0.029093906303606823, -0.06666843297759867, 0.03477668688252133, 0.09143436231369577, 0.3803459225013067, 0.7875426026823734, -0.3277826256658931, 1783982000000, 
-0.04655992942661269, 0.05542880220450393, -0.058317351246637145, 0.033006228576260684, 0.09427420274647783, 0.35010880617066614, 0.7965645007753053, -0.3225821590074346, 1784082000000, 
-0.07579490863903393, 0.0752587658088833, -0.06451973691261138, 0.031986706963801737, 0.09811764261039103, 0.3260036229245302, 0.8058781470443376, -0.3167886035946838, 1784182000000, 
-0.04208998281889771, 0.09942301821912893, -0.055120064533256165, 0.03265115756411334, 0.10358235126045581, 0.3152193126222114, 0.815297924377879, -0.31045040640579347, 1784282000000, 
-0.034298174161689204, 0.12760486992686704, -0.046311685733981624, 0.03356264385427247, 0.11049858021562863, 0.3037382361726079, 0.8251035129677113, -0.3034037038096284, 1784382000000, 
-0.07977938762815594, -0.01875036274679373, -0.05979738213491439, 0.027825445279041083, 0.09737769432932744, 0.28574762907136153, 0.8330260708567885, -0.2972563197622918, 1784477000000, 
-0.047494437812695335, 0.13975803622710148, -0.054105581267917965, 0.0295616480080239, 0.107014763179517, 0.2762389704907753, 0.8423349578096487, -0.2897412206142863, 1784577000000, 
-0.07836792428565237, 0.04144380452872845, -0.06349642129021657, 0.026538788063161112, 0.1019738238142969, 0.26025098471829916, 0.8505984900811975, -0.2826300953567972, 1784677000000, 
-0.06200242090899785, 0.05771000201674433, -0.06262767874394393, 0.02441315919871333, 0.10064633783337372, 0.2425638103110203, 0.8587439994834309, -0.27528149529357465, 1784777000000, 
-0.07317314954791783, -0.05657905900498435, -0.06703212156568611, 0.01956897485745552, 0.08915042222654482, 0.2195051281723352, 0.8655945444382456, -0.26876846122076686, 1784877000000, 
-0.05392885767109499, -0.012090053451451848, -0.061690255050726166, 0.017525302913086883, 0.08703253606593726, 0.20136495735123047, 0.8723860373236794, -0.26207286885837955, 1784977000000, 
-0.056437201440825965, 0.06702614354284418, -0.058988831988310925, 0.01739421288882147, 0.09223667769821156, 0.18858238742871306, 0.8796621078386745, -0.2546387772939378, 1785077000000, 
-0.03791154018356607, 0.04764689078477825, -0.050351376745175494, 0.016700592550765916, 0.09436418418094011, 0.17698020383181715, 0.8867184260811005, -0.24712466613503117, 1785177000000, 
-0.06094177454511587, 0.10374685097215151, -0.05388367706903587, 0.01680870115365396, 0.09916928221757232, 0.1694950369488057, 0.8940939385565053, -0.23900247550633194, 1785277000000, 
-0.05140622248959717, -0.04207544602518094, -0.05300389755980672, 0.014548479758093836, 0.09245992386287653, 0.15734903459005742, 0.900472689656471, -0.23169263804131715, 1785377000000, 
-0.07771978961572429, -0.011274721877782036, -0.06241851946841318, 0.013354947788210919, 0.0900231233844854, 0.14835019366271526, 0.906868340372329, -0.22416170333473664, 1785477000000, 
-0.06251749014343282, 0.06957173783737008, -0.061904255206124616, 0.013306722810073454, 0.09333491282360862, 0.142569617386599, 0.9134871606425581, -0.2161451866871312, 1785577000000, 
-0.06218628609056571, 0.0288061686861494, -0.06167156755818049, 0.012495780881825276, 0.09301591394307138, 0.13434024729868355, 0.9199077028436043, -0.20813380803968398, 1785677000000, 
-0.07805566229129424, 0.011609678694721036, -0.06775012102863817, 0.011539190960871764, 0.09158911058607716, 0.12598867798838395, 0.9261205577401943, -0.20017178505563074, 1785777000000, 
-0.04392963565636295, 0.0933867996715444, -0.05790684507318952, 0.011765251890531035, 0.09526237802884345, 0.12350365520970685, 0.9325465724144801, -0.1917129959956733, 1785877000000, 
-0.08273335301811079, -0.039248262132022385, -0.06746833054457597, 0.010362418350330582, 0.09057841195092407, 0.1144027382147636, 0.938415869076087, -0.18378908466103513, 1785977000000, 
-0.08483336841600372, -0.027290608759213082, -0.07395429334501265, 0.009420300963589945, 0.08808240170917357, 0.10694872960768557, 0.9441731974797385, -0.17584023170524518, 1786077000000, 
-0.06655487597705376, 0.022102297516653706, -0.070607124603167, 0.009076220292113583, 0.08893398509199234, 0.10205570213372582, 0.9499669980719386, -0.1676613167683201, 1786172000000, 
0.4843589505652135, 0.08929269093941325, 0.14586213247246216, 0.012084374796765942, 0.10444979747122983, 0.11569553114829659, 0.9550903737140564, -0.1600774777699193, 1786272000000, 
0.4182967031448715, -0.010591517760217715, 0.2515486906568419, 0.01826514254574313, 0.1200342082161125, 0.15216614344519291, 0.9599856755720724, -0.1525341816054726, 1786372000000, 
0.1044512068858896, 0.32500742848091024, 0.19420035439849273, 0.030637711989741686, 0.13955156050591747, 0.21954403002496373, 0.966328992648654, -0.14242816455830443, 1786477000000, 
0.1049336319818872, 0.22897740914200249, 0.15877810416680704, 0.040099704554027324, 0.14471236264225035, 0.27709937023942816, 0.9725114723807012, -0.13191208548368497, 1786572000000, 
0.3932898127213033, 0.5709533741084784, 0.25136686241813344, 0.06543600358005182, 0.1889214724419577, 0.3463661527418791, 0.9809479586451743, -0.11677176652475459, 1786677000000, 
0.4244466804324736, 0.4399564236622585, 0.31821196498909854, 0.0825050283951297, 0.20940882217479434, 0.39399022227565195, 0.9885784273186832, -0.10144031577753662, 1786762000000, 
0.8192544973658955, 0.6167874234481744, 0.5114586948174122, 0.10270467558166564, 0.223681533309677, 0.45915580987848315, 0.994437828163575, -0.08725403436359053, 1786873000000, 
0.8606996529059702, 0.6453075878483959, 0.6457161351315475, 0.12771882670798457, 0.2551767556332637, 0.5005112099298739, 1.0004576401791603, -0.07090593262854834, 1786973000000, 
0.9898804300847703, 0.6319665770348597, 0.7770749691190163, 0.1508873760850995, 0.28537162050409626, 0.5287399490480647, 1.0059012217119148, -0.053015988251963346, 1787073000000, 
1.0522776253613302, 0.5830380578207751, 0.880241096300699, 0.16561030396677823, 0.3041132306879528, 0.5445679018704356, 1.010200551187102, -0.03476707378858494, 1787173000000, 
1.1197438922008842, 0.9200407027577364, 0.9725814729726516, 0.22460126021993068, 0.38294319061628235, 0.5865132628640632, 1.0157653597242016, -0.007739096546328168, 1787268000000, 
-0.0784029438073897, 1.7309335454707235, 0.57159920506065, 0.41779671956123055, 0.5811027543891486, 0.718972189351289, 1.0257075362904695, 0.04719135865468164, 1787373000000, 
0.855393976894876, 0.039399276063774594, 0.6658102596466398, 0.22828391809410245, 0.385528950570812, 0.5921317134708213, 1.025794593140108, 0.07219990099965787, 1787473000000, 
0.38241542129821554, 0.13725817369855065, 0.5479692476698259, 0.1616865895828241, 0.3289094875195855, 0.4915838421146066, 1.0264641992877592, 0.09803669563835495, 1787573000000, 
-0.5256252167189298, -0.659571618573321, 0.1176513283126257, 0.0337102077672552, 0.16780934441179934, 0.2008839727335524, 1.0278054907951912, 0.113165690010836, 1787673000000, 
1.213628064501658, -0.1321241858943248, 0.5407636790026986, 0.012085808825940951, 0.15742201760161942, 0.07677330661919189, 1.027612094977476, 0.12388229539734866, 1787768000000, 
1.0955018133081476, -1.2994083211981649, 0.7529885172915978, -0.014075836205309814, 0.16894678641955047, -0.08331520535912935, 1.0278644986654462, 0.13312181933733966, 1787868000000, 
5.5386604574288745, -3.624749904332591, 2.620054938575982, -0.15438506104604618, 0.4510307801021842, -0.34229384746439956, 1.0278271167129729, 0.15782233723154412, 1787973000000, 
-1.6302978623559525, 0.07094174668037168, 0.9537256392401339, -0.09568469674193084, 0.3931360647587849, -0.2433882447305865, 1.0286570432202018, 0.17759098243389992, 1788068000000, 
-2.2153298281598377, -0.050686546577042406, -0.2866027532894406, -0.06151496534176919, 0.28855988512482894, -0.21317919957986625, 1.0301564568159418, 0.204396804999044, 1788168000000, 
0.288974433442733, -0.6820924847680343, -0.06261408039791075, -0.07091407945278663, 0.27365177819634656, -0.25913984524487693, 1.0324996520675203, 0.23198553036460812, 1788268000000, 
0.013820818620587415, -0.004603575568144467, -0.036087397367286084, -0.046953869556420634, 0.21510001973387544, -0.21828854137025452, 1.0344236531265891, 0.2512572377971478, 1788368000000, 
-0.1610154580379725, 0.7460229606021768, -0.09024365799536185, -0.015640218553130806, 0.11533377905375021, -0.1356083073098804, 1.0353583927273413, 0.2596219554163358, 1788468000000, 
-2.951852840739336, -1.853689213811722, -1.2005083892586021, -0.01704207652474534, 0.090282989059807, -0.18876287440434653, 1.0380625069506113, 0.28406948474493876, 1788568000000, 
-5.043553467946704, 1.2042323253313032, -2.6994325186961516, 0.011818727354971246, -0.18451062924837708, -0.06405445259775028, 1.0382627643776352, 0.29189399514895326, 1788668000000, 
1.2797318430919522, 0.7535448438270972, -1.1423307728455416, 0.016003976136897743, -0.20589568972393418, -0.0777285632271173, 1.038005238605518, 0.28847625146246675, 1788768000000, 
1.2164733793483693, 0.7823984540971451, -0.21884175101082615, 0.015725134427481295, -0.1654050523686307, -0.09507046007539965, 1.0364289143751615, 0.27812134309887365, 1788868000000, 
1.0143242074691827, 0.7323076582525223, 0.26354294651926574, 0.010293521023605128, -0.11326269505963686, -0.09088183022826025, 1.034439026044952, 0.26608185132250206, 1788968000000, 
0.9721294092467238, 0.776223006029978, 0.5395737360797195, 0.0048682057254053595, -0.0642420464604191, -0.07577911965187419, 1.0324365202461256, 0.25434542735347565, 1789068000000, 
-3.4003369892073185, -0.15421855746207339, -0.9916383379639364, 0.00034056029435891333, -0.07508692222192156, -0.004535547393358028, 1.0332192249840704, 0.2603836099496529, 1789163000000, 
0.6943154852745869, 1.0790989362643086, -0.3310465531325194, -0.002050173140315035, -0.05405420600355573, 0.037928096477454, 1.0335744562504854, 0.26151343903584323, 1789263000000, 
0.27037862415756986, 0.8350153759373755, -0.09353769756167446, -0.0011874252114336076, -0.012329962464024818, 0.09630404106242521, 1.034148574275366, 0.2640264615780554, 1789368000000, 
0.3103148674715045, 0.7977899195950265, 0.06654698149408961, 0.006326629405140563, 0.03882698941888369, 0.1629441143861537, 1.0352071331880637, 0.26963640506488296, 1789468000000, 
0.8573757759215949, 1.0870459104635188, 0.3776118895707345, 0.02883377990957459, 0.12244995415990054, 0.23547399513046915, 1.0369077857974858, 0.2806188341095948, 1789568000000, 
0.688739898323224, 0.813707896825771, 0.49950672248264116, 0.05371922760840095, 0.18203740963818604, 0.2950999342122711, 1.038452146003526, 0.2943017080270831, 1789668000000, 
0.6244978629399274, 0.6819718644696032, 0.5473340355794478, 0.07377930510592876, 0.22123102004644768, 0.3334943946397694, 1.0395693077039678, 0.31011702883681186, 1789763000000, 
0.5508660171313635, 0.5137539847195101, 0.5460179292302324, 0.07956932258966617, 0.2302727366311239, 0.34554382665425576, 1.039945985811974, 0.3253733960586418, 1789868000000, 
0.4433721550901465, 0.3105663554987204, 0.5015431328017829, 0.06976665691459041, 0.20872436407542538, 0.33425257862747293, 1.039649637796787, 0.33810375895063605, 1789968000000, 
4.307050654116212, -0.888152787857606, 1.9722973575902643, 0.0013429931046012636, 0.1815890868746589, 0.00739578092337817, 1.0389414576987621, 0.32797637012178704, 1790063000000, 
-1.099171145983033, 0.2182249471316588, 0.7724449267172255, -0.025427235498640014, 0.22829536456557592, -0.11137867624699956, 1.0398960022647996, 0.34162433405484194, 1790163000000, 
1.5070992355523434, -1.0249533121193937, 1.0574228476673337, -0.0888200414420269, 0.3089653906640368, -0.28747569833350095, 1.0408713721615197, 0.36154258364100095, 1790268000000, 
1.487327689137662, -1.1677171190585411, 1.2255100265538175, -0.18956974863069642, 0.43926313185286686, -0.43156307662577437, 1.0432363353950715, 0.3939757075979217, 1790362000000, 
0.47990482244693317, -0.6061826325840596, 0.929106508868232, -0.20452135747491276, 0.4365732280637825, -0.4684697648135047, 1.0470065981176557, 0.42325109002371786, 1790463000000, 
1.6540741285307008, -1.0637316966102142, 1.210471496212639, -0.2943074391032913, 0.5328951621510623, -0.5522801856847457, 1.0539042536936023, 0.46239354583458775, 1790558000000, 
0.2084248272590789, -0.5220761369149384, 0.8123980928816463, -0.2645958018475624, 0.4930560822782476, -0.5366444332761366, 1.0621380700185523, 0.49729004319836273, 1790663000000, 
-0.8703983178060698, 0.328542143028926, 0.14331566806246399, -0.126234295633246, 0.3025424164022451, -0.41724495075563645, 1.0683205345898028, 0.5185345385223412, 1790758000000, 
-4.326177793529204, 0.38634955141485305, -1.6068232327595835, -0.010507187223720162, 0.028442628534816772, -0.3694168846194457, 1.0719064168833818, 0.5327073293032245, 1790863000000, 
2.2283165620498466, 1.093228334592036, -0.12118635260535848, 0.05093638298260135, -0.14684885241875664, -0.3468626560141601, 1.0683114421717386, 0.5146131788234697, 1790958000000, 
0.350633376883242, 0.704061548206801, 0.06068515455866577, 0.062267355448265525, -0.17604155108634492, -0.35370828684487454, 1.061595211212168, 0.49629013474009914, 1791058000000, 
-1.5525170835047333, 1.3748848386782888, -0.5730145445170249, 0.12185048805238347, -0.3102217317855419, -0.39278514548625953, 1.0499879590481194, 0.46941968668966966, 1791153000000, 
3.3989533735924864, 0.11007215870667993, 0.9801157256157451, 0.0464826549509388, -0.14228042871473445, -0.32669746198287275, 1.042203154582821, 0.4515683747005061, 1791258000000, 
0.18411696093028085, 0.7855068433490376, 0.6660118781281179, 0.040948272567951756, -0.13761524543648376, -0.2975562223362193, 1.031641480715038, 0.4307765386939985, 1791353000000, 
3.14347084541679, 1.7147587334209922, 1.6202943112676298, 0.05313745591062775, -0.17328999963329514, -0.30663890601346716, 1.0132681281576985, 0.3940599354886771, 1791458000000, 
1.3775930744370466, 0.9103382789905206, 1.5201463536290447, 0.03133970129543833, -0.11340014781137232, -0.27636384872767716, 0.997911694190256, 0.3672611365805603, 1791558000000, 
-0.12906747475179942, 0.39676991073659745, 0.8766482987873379, 0.004812115337287355, -0.033336701810829, -0.14434887304070979, 0.9906980455662271, 0.3557604416269327, 1791654000000, 
1.1292365915539224, 0.1953210039862694, 0.9740789902127147, 0.0013214598322982705, 0.04432113499847943, 0.029815568404184756, 0.9874961643302262, 0.3497906255466751, 1791754000000, 
0.18343376811150783, 0.6204148574964315, 0.6647625814903417, 0.01604220954644421, 0.09317085749825726, 0.17218055062704857, 0.9881319859350582, 0.35070549200722323, 1791854000000, 
0.20589664830473736, 0.6856754286663794, 0.48618469554599664, 0.043460828781887687, 0.147292055531319, 0.2950656681727585, 0.993052014087542, 0.35909479621591756, 1791954000000, 
0.7848165406529706, 2.1641800663702524, 0.6123526988961516, 0.1746635197642555, 0.3738352714624356, 0.46722054631435805, 1.0123441711642183, 0.3935028213928924, 1792059000000, 
0.6148255669828961, 0.8535800905142147, 0.6104262837309203, 0.21227977850138885, 0.3854678204812453, 0.5507068741467543, 1.0245049113086862, 0.4207695836871574, 1792159000000, 
0.0522602348255317, 0.9335669240811506, 0.39214483678102113, 0.24917590535219414, 0.4137024286797224, 0.60230708856945, 1.0379525743851652, 0.4548396157160612, 1792254000000, 
0.08940127782035026, 1.1939531812943944, 0.27641712539788343, 0.3146690305299025, 0.47819666909475855, 0.6580326691224784, 1.0525489322223118, 0.49846519234041503, 1792354000000, 
0.563538295321797, 0.6429888826027682, 0.3823031532979776, 0.25754474009791445, 0.41922228779202264, 0.6143393316571067, 1.0605488101855998, 0.5327797639879333, 1792454000000, 
0.6937391220741232, 0.5996397215867264, 0.49804389187693865, 0.21463905675774772, 0.37906205712054225, 0.566237249879885, 1.065749453078285, 0.5631239585788619, 1792554000000, 
0.5867810267915171, 0.2915675534947921, 0.5242147158960937, 0.14805393653034835, 0.2990267244873451, 0.4951194137720425, 1.0679125813381796, 0.5848653554992697, 1792649000000, 
14.200083926183234, 0.8086264550332388, 5.846696738217071, -0.01470007207460758, 0.7301832172384491, -0.020132032245555043, 1.06739723310801, 0.6072767864167707, 1792754000000, 
-1.1159535673731389, 0.3078561676718423, 3.1114051851327695, -0.18085711051390094, 0.7237016862292981, -0.24990560883755913, 1.0743622991764026, 0.6386417193061837, 1792854000000, 
1.7359607551757368, -1.2220579115036063, 2.5601121742169206, -0.5206688759582869, 0.7389788968953567, -0.7045788156410864, 1.0860111226393, 0.6803020061546861, 1792954000000, 
-0.4579157067251018, -0.3800562061598678, 1.3654821878442336, -0.4548596089807569, 0.5772259114836278, -0.7880096855174845, 1.095877595760964, 0.7091459684967376, 1793054000000, 
-3.581953401395647, -0.68955838346765, -0.5692899583394249, -0.3947443281632929, 0.4282179358403761, -0.9218304398871305, 1.1110101160052852, 0.7491185686550726, 1793154000000, 
-0.5534407831975608, -0.7578390487004786, -0.5612552778712785, -0.39463901360440806, 0.39702888565954797, -0.9939806091157075, 1.1293192020057923, 0.7903324369985905, 1793254000000, 
